순번,입력날짜,이름,회사,주소
1,2026-01-04 11:36:32,윤지원,금호,인천 서초구 선릉로
2,2026-01-20 11:36:32,이영희,엔씨소프트,서울 성북구 도곡로
3,2025-12-28 11:36:32,정준호,대신,세종 중랑구 삼성로
4,2026-01-18 11:36:32,유성민,신한,인천 도봉구 학동로
5,2026-01-20 11:36:32,서준호,넥슨,전남 서초구 압구정로
6,2026-01-12 11:36:32,서준호,넥슨,충남 송파구 청담로
7,2026-01-19 11:36:32,류은지,아수,강원 노원구 선릉로
8,2026-01-01 11:36:32,배예은,에스원,부산 광진구 개포로
9,2025-12-25 11:36:32,하나영,대신,인천 성북구 테헤란로
10,2026-01-11 11:36:32,이영희,넥슨,세종 동대문구 신사로
11,2025-12-29 11:36:32,왕명숙,엔씨소프트,대구 종로구 선릉로
12,2026-01-07 11:36:32,배예은,롯데,충북 서초구 개포로
13,2026-01-19 11:36:32,류은지,유한킴벌리,서울 노원구 언주로
14,2026-01-06 11:36:32,손미영,롯데,서울 강동구 압구정로
15,2025-12-23 11:36:32,조은미,GS,경북 강남구 논현로
16,2026-01-18 11:36:32,황민수,신한,대전 강북구 학동로
17,2026-01-02 11:36:32,백준영,한진,서울 동대문구 논현로
18,2026-01-16 11:36:32,황민수,넥슨,충남 서초구 언주로
19,2025-12-26 11:36:32,여영호,넷마블,전북 중랑구 도곡로
20,2025-12-23 11:36:32,박민준,금호,울산 동대문구 청담로
21,2026-01-04 11:36:32,정준호,롯데,전남 중랑구 삼성로
22,2026-01-17 11:36:32,노동욱,삼성,강원 도봉구 도곡로
23,2025-12-28 11:36:32,최지은,에스원,대전 서초구 역삼로
24,2025-12-27 11:36:32,류은지,금호,세종 중구 학동로
25,2026-01-11 11:36:32,심수진,롯데,경기 송파구 선릉로
26,2026-01-11 11:36:32,임진수,KCC,세종 강북구 테헤란로
27,2026-01-14 11:36:32,하나영,현대,경북 광진구 도곡로
28,2026-01-01 11:36:32,백준영,현대,대전 광진구 영동대로
29,2026-01-04 11:36:32,조은미,동부,경기 노원구 청담로
30,2026-01-19 11:36:32,김철수,LG,서울 중랑구 선릉로
31,2026-01-04 11:36:32,최지은,넷마블,전남 송파구 언주로
32,2025-12-28 11:36:32,심수진,대신,전북 성북구 역삼로
33,2026-01-14 11:36:32,손미영,LG,충북 광진구 학동로
34,2026-01-10 11:36:32,류은지,CJ,전남 중랑구 청담로
35,2026-01-03 11:36:32,하나영,SK,충북 중구 영동대로
36,2025-12-29 11:36:32,김철수,엔씨소프트,제주 강동구 압구정로
37,2026-01-17 11:36:32,고준호,한진,제주 광진구 학동로
38,2026-01-19 11:36:32,전준석,신한,서울 강북구 역삼로
39,2025-12-31 11:36:32,정준호,KCC,광주 송파구 선릉로
40,2026-01-16 11:36:32,노동욱,GS,충남 도봉구 역삼로
41,2025-12-23 11:36:32,백준영,롯데,충남 도봉구 개포로
42,2025-12-26 11:36:32,강동욱,금호,전북 서초구 테헤란로
43,2026-01-01 11:36:32,유성민,금호,부산 강동구 청담로
44,2025-12-29 11:36:32,윤지원,우리은행,강원 도봉구 신사로
45,2026-01-08 11:36:32,천은주,CJ,경북 노원구 청담로
46,2025-12-26 11:36:32,윤지원,에스원,충남 강북구 언주로
47,2025-12-25 11:36:32,황민수,넷마블,울산 중구 강남대로
48,2025-12-28 11:36:32,강동욱,유한킴벌리,경북 강남구 언주로
49,2026-01-08 11:36:32,박민준,롯데,서울 동대문구 논현로
50,2025-12-24 11:36:32,이영희,SK,경북 중랑구 역삼로
51,2026-01-14 11:36:32,하나영,대신,광주 성북구 선릉로
52,2026-01-17 11:36:32,노동욱,동부,광주 도봉구 개포로
53,2025-12-27 11:36:32,조은미,SK,전남 강동구 청담로
54,2026-01-06 11:36:32,노동욱,GS,인천 광진구 선릉로
55,2026-01-15 11:36:32,조은미,KCC,강원 송파구 신사로
56,2026-01-15 11:36:32,윤지원,대신,경기 성동구 테헤란로
57,2026-01-06 11:36:32,천은주,우리은행,부산 광진구 삼성로
58,2025-12-22 11:36:32,고준호,KCC,강원 중구 테헤란로
59,2025-12-22 11:36:32,서준호,흥국,경기 강북구 도곡로
60,2026-01-10 11:36:32,최지은,삼성,서울 성동구 언주로
61,2025-12-27 11:36:32,천은주,흥국,광주 서초구 역삼로
62,2025-12-27 11:36:32,강동욱,동부,부산 성동구 역삼로
63,2026-01-03 11:36:32,이영희,GS,부산 성동구 도곡로
64,2026-01-20 11:36:32,임진수,엔씨소프트,부산 강북구 청담로
65,2025-12-24 11:36:32,이영희,금호,전남 중랑구 영동대로
66,2025-12-23 11:36:32,최지은,동부,세종 성북구 강남대로
67,2026-01-20 11:36:32,류은지,KT,인천 강북구 테헤란로
68,2025-12-31 11:36:32,박민준,흥국,광주 중구 개포로
69,2026-01-14 11:36:32,이영희,에스원,대구 도봉구 강남대로
70,2025-12-31 11:36:32,심수진,대신,대전 강북구 삼성로
71,2026-01-04 11:36:32,하나영,넥슨,부산 광진구 논현로
72,2026-01-09 11:36:32,최지은,대신,경북 중랑구 압구정로
73,2025-12-26 11:36:32,서준호,매경,경기 성동구 선릉로
74,2026-01-14 11:36:32,노동욱,하나은행,서울 송파구 역삼로
75,2026-01-18 11:36:32,노동욱,동부,대전 서초구 강남대로
76,2026-01-04 11:36:32,정준호,동부,서울 성북구 테헤란로
77,2026-01-13 11:36:32,류은지,CJ,경남 서초구 신사로
78,2026-01-06 11:36:32,배예은,매경,세종 광진구 학동로
79,2026-01-01 11:36:32,배예은,금호,울산 광진구 도곡로
80,2026-01-17 11:36:32,고준호,삼성,서울 강동구 영동대로
81,2026-01-15 11:36:32,최지은,삼성,울산 노원구 영동대로
82,2026-01-07 11:36:32,왕명숙,LG,서울 동대문구 학동로
83,2026-01-15 11:36:32,이영희,SK,전남 도봉구 도곡로
84,2026-01-15 11:36:32,여영호,삼성,전남 강동구 강남대로
85,2025-12-23 11:36:32,조은미,현대,세종 성북구 테헤란로
86,2025-12-28 11:36:32,전준석,국민은행,세종 중랑구 테헤란로
87,2026-01-16 11:36:32,최지은,엔씨소프트,대전 동대문구 역삼로
88,2026-01-11 11:36:32,황민수,대신,전남 광진구 논현로
89,2025-12-30 11:36:32,심수진,아수,광주 동대문구 역삼로
90,2026-01-01 11:36:32,정준호,CJ,제주 중구 도곡로
91,2025-12-31 11:36:32,이영희,CJ,세종 송파구 강남대로
92,2026-01-14 11:36:32,정준호,KCC,경북 강남구 테헤란로
93,2025-12-23 11:36:32,임진수,현대,제주 강남구 신사로
94,2026-01-08 11:36:32,서준호,엔씨소프트,전남 동대문구 학동로
95,2026-01-14 11:36:32,강동욱,대신,부산 강북구 학동로
96,2026-01-18 11:36:32,심수진,GS,대구 노원구 도곡로
97,2026-01-10 11:36:32,하나영,매경,대구 강동구 영동대로
98,2026-01-06 11:36:32,정준호,삼성,울산 강남구 영동대로
99,2025-12-27 11:36:32,하나영,현대,경북 종로구 선릉로
100,2026-01-10 11:36:32,손미영,KT,충남 성북구 선릉로
